{
  "color": {
    "base": {
      "red": {
        "50"  : { "value": "#FFE5EE", "attributes": {"font": "base"}},
        "100" : { "value": "#FFCDD2", "attributes": {"font": "base"}},
        "200" : { "value": "#EF9A9A", "attributes": {"font": "base"}},
        "300" : { "value": "#E57373", "attributes": {"font": "base"}},
        "400" : { "value": "#EF5350", "attributes": {"font": "inverse"}},
        "500" : { "value": "#F44336", "attributes": {"font": "inverse"}},
        "600" : { "value": "#E53935", "attributes": {"font": "inverse"}},
        "700" : { "value": "#D32F2F", "attributes": {"font": "inverse"}},
        "800" : { "value": "#C62828", "attributes": {"font": "inverse"}},
        "900" : { "value": "#B71C1C", "attributes": {"font": "inverse"}},
        "A100": { "value": "#FF8A80", "attributes": {"font": "base"}},
        "A200": { "value": "#FF5252", "attributes": {"font": "inverse"}},
        "A400": { "value": "#FF1744", "attributes": {"font": "inverse"}},
        "A700": { "value": "#D50000", "attributes": {"font": "inverse"}}
      },
      "pink": {
        "50"  : { "value": "#FCE4EC", "attributes": {"font": "base"}},
        "100" : { "value": "#F8BBD0", "attributes": {"font": "base"}},
        "200" : { "value": "#F48FB1", "attributes": {"font": "base"}},
        "300" : { "value": "#F06292", "attributes": {"font": "inverse"}},
        "400" : { "value": "#EC407A", "attributes": {"font": "inverse"}},
        "500" : { "value": "#E91E63", "attributes": {"font": "inverse"}},
        "600" : { "value": "#D81B60", "attributes": {"font": "inverse"}},
        "700" : { "value": "#C2185B", "attributes": {"font": "inverse"}},
        "800" : { "value": "#AD1457", "attributes": {"font": "inverse"}},
        "900" : { "value": "#880E4F", "attributes": {"font": "inverse"}},
        "A100": { "value": "#FF80AB", "attributes": {"font": "base"}},
        "A200": { "value": "#FF4081", "attributes": {"font": "inverse"}},
        "A400": { "value": "#F50057", "attributes": {"font": "inverse"}},
        "A700": { "value": "#C51162", "attributes": {"font": "inverse"}}
      },
      "purple": {
        "50"  : { "value": "#F3E5F5", "attributes": {"font": "base"}},
        "100" : { "value": "#E1BEE7", "attributes": {"font": "base"}},
        "200" : { "value": "#CE93D8", "attributes": {"font": "base"}},
        "300" : { "value": "#BA68C8", "attributes": {"font": "inverse"}},
        "400" : { "value": "#AB47BC", "attributes": {"font": "inverse"}},
        "500" : { "value": "#9C27B0", "attributes": {"font": "inverse"}},
        "600" : { "value": "#8E24AA", "attributes": {"font": "inverse"}},
        "700" : { "value": "#7B1FA2", "attributes": {"font": "inverse"}},
        "800" : { "value": "#6A1B9A", "attributes": {"font": "inverse"}},
        "900" : { "value": "#4A148C", "attributes": {"font": "inverse"}},
        "A100": { "value": "#EA80FC", "attributes": {"font": "base"}},
        "A200": { "value": "#E040FB", "attributes": {"font": "inverse"}},
        "A400": { "value": "#D500F9", "attributes": {"font": "inverse"}},
        "A700": { "value": "#AA00FF", "attributes": {"font": "inverse"}}
      },
      "deep_purple": {
        "50"  : { "value": "#EDE7F6", "attributes": {"font": "base"}},
        "100" : { "value": "#D1C4E9", "attributes": {"font": "base"}},
        "200" : { "value": "#B39DDB", "attributes": {"font": "base"}},
        "300" : { "value": "#9575CD", "attributes": {"font": "inverse"}},
        "400" : { "value": "#7E57C2", "attributes": {"font": "inverse"}},
        "500" : { "value": "#673AB7", "attributes": {"font": "inverse"}},
        "600" : { "value": "#5E35B1", "attributes": {"font": "inverse"}},
        "700" : { "value": "#512DA8", "attributes": {"font": "inverse"}},
        "800" : { "value": "#4527A0", "attributes": {"font": "inverse"}},
        "900" : { "value": "#311B92", "attributes": {"font": "inverse"}},
        "A100": { "value": "#B388FF", "attributes": {"font": "base"}},
        "A200": { "value": "#7C4DFF", "attributes": {"font": "inverse"}},
        "A400": { "value": "#651FFF", "attributes": {"font": "inverse"}},
        "A700": { "value": "#6200EA", "attributes": {"font": "inverse"}}
      },
      "indigo": {
        "50"  : { "value": "#E8EAF6", "attributes": {"font": "base"}},
        "100" : { "value": "#C5CAE9", "attributes": {"font": "base"}},
        "200" : { "value": "#9FA8DA", "attributes": {"font": "base"}},
        "300" : { "value": "#7986CB", "attributes": {"font": "inverse"}},
        "400" : { "value": "#5C6BC0", "attributes": {"font": "inverse"}},
        "500" : { "value": "#3F51B5", "attributes": {"font": "inverse"}},
        "600" : { "value": "#3949AB", "attributes": {"font": "inverse"}},
        "700" : { "value": "#303F9F", "attributes": {"font": "inverse"}},
        "800" : { "value": "#283593", "attributes": {"font": "inverse"}},
        "900" : { "value": "#1A237E", "attributes": {"font": "inverse"}},
        "A100": { "value": "#8C9EFF", "attributes": {"font": "base"}},
        "A200": { "value": "#536DFE", "attributes": {"font": "inverse"}},
        "A400": { "value": "#3D5AFE", "attributes": {"font": "inverse"}},
        "A700": { "value": "#304FFE", "attributes": {"font": "inverse"}}
      },
      "blue": {
        "50"  : { "value": "#E3F2FD", "attributes": {"font": "base"}},
        "100" : { "value": "#BBDEFB", "attributes": {"font": "base"}},
        "200" : { "value": "#90CAF9", "attributes": {"font": "base"}},
        "300" : { "value": "#64B5F6", "attributes": {"font": "base"}},
        "400" : { "value": "#42A5F5", "attributes": {"font": "inverse"}},
        "500" : { "value": "#2196F3", "attributes": {"font": "inverse"}},
        "600" : { "value": "#1E88E5", "attributes": {"font": "inverse"}},
        "700" : { "value": "#1976D2", "attributes": {"font": "inverse"}},
        "800" : { "value": "#1565C0", "attributes": {"font": "inverse"}},
        "900" : { "value": "#0D47A1", "attributes": {"font": "inverse"}},
        "A100": { "value": "#82B1FF", "attributes": {"font": "base"}},
        "A200": { "value": "#448AFF", "attributes": {"font": "inverse"}},
        "A400": { "value": "#2979FF", "attributes": {"font": "inverse"}},
        "A700": { "value": "#2962FF", "attributes": {"font": "inverse"}}
      },
      "light_blue": {
        "50"   : { "value": "#E1F5FE", "attributes": {"font": "base"}},
        "100"  : { "value": "#B3E5FC", "attributes": {"font": "base"}},
        "200"  : { "value": "#81D4FA", "attributes": {"font": "base"}},
        "300"  : { "value": "#4FC3F7", "attributes": {"font": "base"}},
        "400"  : { "value": "#29B6F6", "attributes": {"font": "base"}},
        "500"  : { "value": "#03A9F4", "attributes": {"font": "base"}},
        "600"  : { "value": "#039BE5", "attributes": {"font": "inverse"}},
        "700"  : { "value": "#0288D1", "attributes": {"font": "inverse"}},
        "800"  : { "value": "#0277BD", "attributes": {"font": "inverse"}},
        "900"  : { "value": "#01579B", "attributes": {"font": "inverse"}},
        "A100" : { "value": "#80D8FF", "attributes": {"font": "base"}},
        "A200" : { "value": "#40C4FF", "attributes": {"font": "base"}},
        "A400" : { "value": "#00B0FF", "attributes": {"font": "base"}},
        "A700" : { "value": "#0091EA", "attributes": {"font": "inverse"}}
      },
      "cyan": {
        "50"   : { "value": "#E0F7FA", "attributes": {"font": "base"}},
        "100"  : { "value": "#B2EBF2", "attributes": {"font": "base"}},
        "200"  : { "value": "#80DEEA", "attributes": {"font": "base"}},
        "300"  : { "value": "#4DD0E1", "attributes": {"font": "base"}},
        "400"  : { "value": "#26C6DA", "attributes": {"font": "base"}},
        "500"  : { "value": "#00BCD4", "attributes": {"font": "base"}},
        "600"  : { "value": "#00ACC1", "attributes": {"font": "base"}},
        "700"  : { "value": "#0097A7", "attributes": {"font": "inverse"}},
        "800"  : { "value": "#00838F", "attributes": {"font": "inverse"}},
        "900"  : { "value": "#006064", "attributes": {"font": "inverse"}},
        "A100" : { "value": "#84FFFF", "attributes": {"font": "base"}},
        "A200" : { "value": "#18FFFF", "attributes": {"font": "base"}},
        "A400" : { "value": "#00E5FF", "attributes": {"font": "base"}},
        "A700" : { "value": "#00B8D4", "attributes": {"font": "base"}}
      },
      "teal": {
        "50"   : { "value": "#E0F2F1", "attributes": {"font": "base"}},
        "100"  : { "value": "#B2DFDB", "attributes": {"font": "base"}},
        "200"  : { "value": "#80CBC4", "attributes": {"font": "base"}},
        "300"  : { "value": "#4DB6AC", "attributes": {"font": "base"}},
        "400"  : { "value": "#26A69A", "attributes": {"font": "base"}},
        "500"  : { "value": "#009688", "attributes": {"font": "inverse"}},
        "600"  : { "value": "#00897B", "attributes": {"font": "inverse"}},
        "700"  : { "value": "#00796B", "attributes": {"font": "inverse"}},
        "800"  : { "value": "#00695C", "attributes": {"font": "inverse"}},
        "900"  : { "value": "#004D40", "attributes": {"font": "inverse"}},
        "A100" : { "value": "#A7FFEB", "attributes": {"font": "base"}},
        "A200" : { "value": "#64FFDA", "attributes": {"font": "base"}},
        "A400" : { "value": "#1DE9B6", "attributes": {"font": "base"}},
        "A700" : { "value": "#00BFA5", "attributes": {"font": "base"}}
      },
      "green": {
        "50"   : { "value": "#E8F5E9", "attributes": {"font": "base"}},
        "100"  : { "value": "#C8E6C9", "attributes": {"font": "base"}},
        "200"  : { "value": "#A5D6A7", "attributes": {"font": "base"}},
        "300"  : { "value": "#81C784", "attributes": {"font": "base"}},
        "400"  : { "value": "#66BB6A", "attributes": {"font": "base"}},
        "500"  : { "value": "#4CAF50", "attributes": {"font": "base"}},
        "600"  : { "value": "#43A047", "attributes": {"font": "inverse"}},
        "700"  : { "value": "#388E3C", "attributes": {"font": "inverse"}},
        "800"  : { "value": "#2E7D32", "attributes": {"font": "inverse"}},
        "900"  : { "value": "#1B5E20", "attributes": {"font": "inverse"}},
        "A100" : { "value": "#B9F6CA", "attributes": {"font": "base"}},
        "A200" : { "value": "#69F0AE", "attributes": {"font": "base"}},
        "A400" : { "value": "#00E676", "attributes": {"font": "base"}},
        "A700" : { "value": "#00C853", "attributes": {"font": "base"}}
      },
      "light_green": {
        "50"   : { "value": "#F1F8E9", "attributes": {"font": "base"}},
        "100"  : { "value": "#DCEDC8", "attributes": {"font": "base"}},
        "200"  : { "value": "#C5E1A5", "attributes": {"font": "base"}},
        "300"  : { "value": "#AED581", "attributes": {"font": "base"}},
        "400"  : { "value": "#9CCC65", "attributes": {"font": "base"}},
        "500"  : { "value": "#8BC34A", "attributes": {"font": "base"}},
        "600"  : { "value": "#7CB342", "attributes": {"font": "base"}},
        "700"  : { "value": "#689F38", "attributes": {"font": "inverse"}},
        "800"  : { "value": "#558B2F", "attributes": {"font": "inverse"}},
        "900"  : { "value": "#33691E", "attributes": {"font": "inverse"}},
        "A100" : { "value": "#CCFF90", "attributes": {"font": "base"}},
        "A200" : { "value": "#B2FF59", "attributes": {"font": "base"}},
        "A400" : { "value": "#76FF03", "attributes": {"font": "base"}},
        "A700" : { "value": "#64DD17", "attributes": {"font": "base"}}
      },
      "lime": {
        "50"   : { "value": "#F9FBE7", "attributes": {"font": "base"}},
        "100"  : { "value": "#F0F4C3", "attributes": {"font": "base"}},
        "200"  : { "value": "#E6EE9C", "attributes": {"font": "base"}},
        "300"  : { "value": "#DCE775", "attributes": {"font": "base"}},
        "400"  : { "value": "#D4E157", "attributes": {"font": "base"}},
        "500"  : { "value": "#CDDC39", "attributes": {"font": "base"}},
        "600"  : { "value": "#C0CA33", "attributes": {"font": "base"}},
        "700"  : { "value": "#AFB42B", "attributes": {"font": "base"}},
        "800"  : { "value": "#9E9D24", "attributes": {"font": "base"}},
        "900"  : { "value": "#827717", "attributes": {"font": "inverse"}},
        "A100" : { "value": "#F4FF81", "attributes": {"font": "base"}},
        "A200" : { "value": "#EEFF41", "attributes": {"font": "base"}},
        "A400" : { "value": "#C6FF00", "attributes": {"font": "base"}},
        "A700" : { "value": "#AEEA00", "attributes": {"font": "base"}}
      },
      "yellow": {
        "50"   : { "value": "#FFFDE7", "attributes": {"font": "base"}},
        "100"  : { "value": "#FFF9C4", "attributes": {"font": "base"}},
        "200"  : { "value": "#FFF59D", "attributes": {"font": "base"}},
        "300"  : { "value": "#FFF176", "attributes": {"font": "base"}},
        "400"  : { "value": "#FFEE58", "attributes": {"font": "base"}},
        "500"  : { "value": "#FFEB3B", "attributes": {"font": "base"}},
        "600"  : { "value": "#FDD835", "attributes": {"font": "base"}},
        "700"  : { "value": "#FBC02D", "attributes": {"font": "base"}},
        "800"  : { "value": "#F9A825", "attributes": {"font": "base"}},
        "900"  : { "value": "#F57F17", "attributes": {"font": "base"}},
        "A100" : { "value": "#FFFF8D", "attributes": {"font": "base"}},
        "A200" : { "value": "#FFFF00", "attributes": {"font": "base"}},
        "A400" : { "value": "#FFEA00", "attributes": {"font": "base"}},
        "A700" : { "value": "#FFD600", "attributes": {"font": "base"}}
      },
      "amber": {
        "50"   : { "value": "#FFF8E1", "attributes": {"font": "base"}},
        "100"  : { "value": "#FFECB3", "attributes": {"font": "base"}},
        "200"  : { "value": "#FFE082", "attributes": {"font": "base"}},
        "300"  : { "value": "#FFD54F", "attributes": {"font": "base"}},
        "400"  : { "value": "#FFCA28", "attributes": {"font": "base"}},
        "500"  : { "value": "#FFC107", "attributes": {"font": "base"}},
        "600"  : { "value": "#FFB300", "attributes": {"font": "base"}},
        "700"  : { "value": "#FFA000", "attributes": {"font": "base"}},
        "800"  : { "value": "#FF8F00", "attributes": {"font": "base"}},
        "900"  : { "value": "#FF6F00", "attributes": {"font": "base"}},
        "A100" : { "value": "#FFE57F", "attributes": {"font": "base"}},
        "A200" : { "value": "#FFD740", "attributes": {"font": "base"}},
        "A400" : { "value": "#FFC400", "attributes": {"font": "base"}},
        "A700" : { "value": "#FFAB00", "attributes": {"font": "base"}}
      },
      "orange": {
        "50"   : { "value": "#FFF3E0", "attributes": {"font": "base"}},
        "100"  : { "value": "#FFE0B2", "attributes": {"font": "base"}},
        "200"  : { "value": "#FFCC80", "attributes": {"font": "base"}},
        "300"  : { "value": "#FFB74D", "attributes": {"font": "base"}},
        "400"  : { "value": "#FFA726", "attributes": {"font": "base"}},
        "500"  : { "value": "#FF9800", "attributes": {"font": "base"}},
        "600"  : { "value": "#FB8C00", "attributes": {"font": "base"}},
        "700"  : { "value": "#F57C00", "attributes": {"font": "base"}},
        "800"  : { "value": "#EF6C00", "attributes": {"font": "inverse"}},
        "900"  : { "value": "#E65100", "attributes": {"font": "inverse"}},
        "A100" : { "value": "#FFD180", "attributes": {"font": "base"}},
        "A200" : { "value": "#FFAB40", "attributes": {"font": "base"}},
        "A400" : { "value": "#FF9100", "attributes": {"font": "base"}},
        "A700" : { "value": "#FF6D00", "attributes": {"font": "base"}}
      },
      "deep_orange": {
        "50"   : { "value": "#FBE9E7", "attributes": {"font": "base"}},
        "100"  : { "value": "#FFCCBC", "attributes": {"font": "base"}},
        "200"  : { "value": "#FFAB91", "attributes": {"font": "base"}},
        "300"  : { "value": "#FF8A65", "attributes": {"font": "base"}},
        "400"  : { "value": "#FF7043", "attributes": {"font": "base"}},
        "500"  : { "value": "#FF5722", "attributes": {"font": "inverse"}},
        "600"  : { "value": "#F4511E", "attributes": {"font": "inverse"}},
        "700"  : { "value": "#E64A19", "attributes": {"font": "inverse"}},
        "800"  : { "value": "#D84315", "attributes": {"font": "inverse"}},
        "900"  : { "value": "#BF360C", "attributes": {"font": "inverse"}},
        "A100" : { "value": "#FF9E80", "attributes": {"font": "base"}},
        "A200" : { "value": "#FF6E40", "attributes": {"font": "base"}},
        "A400" : { "value": "#FF3D00", "attributes": {"font": "inverse"}},
        "A700" : { "value": "#DD2C00", "attributes": {"font": "inverse"}}
      },
      "brown": {
        "50"   : { "value": "#EFEBE9", "attributes": {"font": "base"}},
        "100"  : { "value": "#D7CCC8", "attributes": {"font": "base"}},
        "200"  : { "value": "#BCAAA4", "attributes": {"font": "base"}},
        "300"  : { "value": "#A1887F", "attributes": {"font": "inverse"}},
        "400"  : { "value": "#8D6E63", "attributes": {"font": "inverse"}},
        "500"  : { "value": "#795548", "attributes": {"font": "inverse"}},
        "600"  : { "value": "#6D4C41", "attributes": {"font": "inverse"}},
        "700"  : { "value": "#5D4037", "attributes": {"font": "inverse"}},
        "800"  : { "value": "#4E342E", "attributes": {"font": "inverse"}},
        "900"  : { "value": "#3E2723", "attributes": {"font": "inverse"}}
      },
      "grey": {
        "50"   : { "value": "#FAFAFA", "attributes": {"font": "base"}},
        "100"  : { "value": "#F5F5F5", "attributes": {"font": "base"}},
        "200"  : { "value": "#EEEEEE", "attributes": {"font": "base"}},
        "300"  : { "value": "#E0E0E0", "attributes": {"font": "base"}},
        "400"  : { "value": "#BDBDBD", "attributes": {"font": "base"}},
        "500"  : { "value": "#9E9E9E", "attributes": {"font": "base"}},
        "600"  : { "value": "#757575", "attributes": {"font": "inverse"}},
        "700"  : { "value": "#616161", "attributes": {"font": "inverse"}},
        "800"  : { "value": "#424242", "attributes": {"font": "inverse"}},
        "900"  : { "value": "#212121", "attributes": {"font": "inverse"}}
      },
      "blue_grey": {
        "50"   : { "value": "#ECEFF1", "attributes": {"font": "base"}},
        "100"  : { "value": "#CFD8DC", "attributes": {"font": "base"}},
        "200"  : { "value": "#B0BEC5", "attributes": {"font": "base"}},
        "300"  : { "value": "#90A4AE", "attributes": {"font": "base"}},
        "400"  : { "value": "#78909C", "attributes": {"font": "inverse"}},
        "500"  : { "value": "#607D8B", "attributes": {"font": "inverse"}},
        "600"  : { "value": "#546E7A", "attributes": {"font": "inverse"}},
        "700"  : { "value": "#455A64", "attributes": {"font": "inverse"}},
        "800"  : { "value": "#37474F", "attributes": {"font": "inverse"}},
        "900"  : { "value": "#263238", "attributes": {"font": "inverse"}}
      },

      "white": { "value": "#ffffff" },
      "black": { "value": "#000000" }
    }
  }
}
