{
  "color": {
    "chart": {
      "stacked": {
        "base": {
          "100": { "value":"{color.base.blue.100.value}" },
          "200": { "value":"{color.base.blue.200.value}" },
          "300": { "value":"{color.base.blue.300.value}" },
          "400": { "value":"{color.base.blue.400.value}" },
          "500": { "value":"{color.base.blue.500.value}" },
          "600": { "value":"{color.base.blue.600.value}" },
          "700": { "value":"{color.base.blue.700.value}" },
          "800": { "value":"{color.base.blue.800.value}" },
          "900": { "value":"{color.base.blue.900.value}" }
        }
      }
    }
  }
}
