{
  "version": "6.0.5",
  "npmClient": "yarn",
  "useWorkspaces": true,
  "packages": ["packages/@pollyjs/*"],
  "command": {
    "publish": {
      "allowBranch": "master",
      "conventionalCommits": true,
      "message": "chore: Publish %s",
      "ignoreChanges": ["docs/**", "examples/**", "**/tests/**", "**/*.md"]
    }
  },
  "changelog": {
    "repo": "Netflix/pollyjs",
    "labels": {
      "Tag: Breaking Change": ":boom: Breaking Change",
      "Tag: Enhancement": ":rocket: Enhancement",
      "Tag: Bug Fix": ":bug: Bug Fix",
      "Tag: Documentation": ":memo: Documentation"
    }
  }
}
