{
  "color": {
    "core": {
      "green": {
        "0": { "value": "#ebf9eb" },
        "100" : { "value": "#d7f4d7" },
        "200" : { "value": "#c2f2bd" },
        "300" : { "value": "#98e58e" },
        "400" : { "value": "#75dd66" },
        "500" : { "value": "#59cb59" },
        "600" : { "value": "#2bb656" },
        "700" : { "value": "#0ca750" },
        "800" : { "value": "#008b46" },
        "900" : { "value": "#006b40" },
        "1000" : { "value": "#08422f" },
        "1100" : { "value": "#002b20" }
      },
      
      "teal": {
        "0": { "value": "#e5f9f5" },
        "100" : { "value": "#cdf7ef" },
        "200" : { "value": "#b3f2e6" },
        "300" : { "value": "#7dead5" },
        "400" : { "value": "#24e0c5" },
        "500" : { "value": "#08c4b2" },
        "600" : { "value": "#00a99c" },
        "700" : { "value": "#0b968f" },
        "800" : { "value": "#067c7c" },
        "900" : { "value": "#026661" },
        "1000" : { "value": "#083f3f" },
        "1100" : { "value": "#002528" }
      },
      
      "aqua": {
        "0": { "value": "#d9fcfb" },
        "100" : { "value": "#c5f9f9" },
        "200" : { "value": "#a5f2f2" },
        "300" : { "value": "#76e5e2" },
        "400" : { "value": "#33d6e2" },
        "500" : { "value": "#17b8ce" },
        "600" : { "value": "#0797ae" },
        "700" : { "value": "#0b8599" },
        "800" : { "value": "#0f6e84" },
        "900" : { "value": "#035e73" },
        "1000" : { "value": "#083d4f" },
        "1100" : { "value": "#002838" }
      },
      
      "blue": {
        "0": { "value": "#e9f8ff" },
        "100" : { "value": "#dcf2ff" },
        "200" : { "value": "#c7e4f9" },
        "300" : { "value": "#a1d2f8" },
        "400" : { "value": "#56adf5" },
        "500" : { "value": "#3896e3" },
        "600" : { "value": "#2b87d3" },
        "700" : { "value": "#2079c3" },
        "800" : { "value": "#116daa" },
        "900" : { "value": "#0c5689" },
        "1000" : { "value": "#0a3960" },
        "1100" : { "value": "#002138" }
      },
      
      "purple": {
        "0": { "value": "#f2f2f9" },
        "100" : { "value": "#eaeaf9" },
        "200" : { "value": "#d8d7f9" },
        "300" : { "value": "#c1c1f7" },
        "400" : { "value": "#a193f2" },
        "500" : { "value": "#9180f4" },
        "600" : { "value": "#816fea" },
        "700" : { "value": "#6f5ed3" },
        "800" : { "value": "#5e4eba" },
        "900" : { "value": "#483a9c" },
        "1000" : { "value": "#2d246b" },
        "1100" : { "value": "#1d1d38" }
      },
      
      "magenta": {
        "0": { "value": "#fef0ff" },
        "100" : { "value": "#f9e3fc" },
        "200" : { "value": "#f4c4f7" },
        "300" : { "value": "#edadf2" },
        "400" : { "value": "#f282f5" },
        "500" : { "value": "#db61db" },
        "600" : { "value": "#c44eb9" },
        "700" : { "value": "#ac44a8" },
        "800" : { "value": "#8f3896" },
        "900" : { "value": "#6c2277" },
        "1000" : { "value": "#451551" },
        "1100" : { "value": "#29192d" }
      },
      
      "pink": {
        "0": { "value": "#ffe9f3" },
        "100" : { "value": "#fcdbeb" },
        "200" : { "value": "#ffb5d5" },
        "300" : { "value": "#ff95c1" },
        "400" : { "value": "#ff76ae" },
        "500" : { "value": "#ef588b" },
        "600" : { "value": "#e0447c" },
        "700" : { "value": "#ce3665" },
        "800" : { "value": "#b22f5b" },
        "900" : { "value": "#931847" },
        "1000" : { "value": "#561231" },
        "1100" : { "value": "#2b1721" }
      },
      
      "red": {
        "0": { "value": "#ffeae9" },
        "100" : { "value": "#ffd5d2" },
        "200" : { "value": "#ffb8b1" },
        "300" : { "value": "#ff9c8f" },
        "400" : { "value": "#ff7f6e" },
        "500" : { "value": "#f76054" },
        "600" : { "value": "#ed4c42" },
        "700" : { "value": "#db3e3e" },
        "800" : { "value": "#c63434" },
        "900" : { "value": "#992222" },
        "1000" : { "value": "#6d1313" },
        "1100" : { "value": "#2b1111" }
      },
      
      "orange": {
        "0": { "value": "#ffede3" },
        "100" : { "value": "#fcdccc" },
        "200" : { "value": "#ffc6a4" },
        "300" : { "value": "#ffb180" },
        "400" : { "value": "#ff9c5d" },
        "500" : { "value": "#fc8943" },
        "600" : { "value": "#f57d33" },
        "700" : { "value": "#ed7024" },
        "800" : { "value": "#ce5511" },
        "900" : { "value": "#962c0b" },
        "1000" : { "value": "#601700" },
        "1100" : { "value": "#2d130e" }
      },
      
      "neutral": {
        "0" : { "value": "#FFFFFF" },
        "100" : { "value": "#f3f4f4" },
        "200" : { "value": "#dee1e1" },
        "300" : { "value": "#c8cccc" },
        "400" : { "value": "#b0b6b7" },
        "500" : { "value": "#929a9b" },
        "600" : { "value": "#6e797a" },
        "700" : { "value": "#515e5f" },
        "800" : { "value": "#364141" },
        "900" : { "value": "#273333" },
        "1000" : { "value": "#162020" },
        "1100" : { "value": "#040404" }
      },
      
      "yellow": {
        "0": { "value": "#fff8e2" },
        "100" : { "value": "#fdefcd" },
        "200" : { "value": "#ffe99a" },
        "300" : { "value": "#ffe16e" },
        "400" : { "value": "#ffd943" },
        "500" : { "value": "#ffcd1c" },
        "600" : { "value": "#ffbc00" },
        "700" : { "value": "#dd9903" },
        "800" : { "value": "#ba7506" },
        "900" : { "value": "#944c0c" },
        "1000" : { "value": "#542a00" },
        "1100" : { "value": "#2d1a05" }
      }
    }
  }
}