{
  "asset": {
    "font": {
      "icon": {
        "name" : { "value": "MaterialIcons" },
        "ttf"  : { "value": "assets/fonts/MaterialIcons-Regular.ttf" },
        "eot"  : { "value": "assets/fonts/MaterialIcons-Regular.eot" },
        "woff" : { "value": "assets/fonts/MaterialIcons-Regular.woff" },
        "woff2": { "value": "assets/fonts/MaterialIcons-Regular.woff2" }
      },
      "opensans": {
        "name" : { "value": "Open Sans" },
        "ttf"  : { "value": "assets/fonts/OpenSans-Regular.ttf" }
      },
      "roboto": {
        "name" : { "value": "Roboto" },
        "ttf"  : { "value": "assets/fonts/Roboto-Regular.ttf" }
      }
   }
  }
}
