{
  "content": {
    "icon": {
      "3d_rotation" :                                    {"value": "3d_rotation"},
      "airline_seat_individual_suite" :                  {"value": "airline_seat_individual_suite"},
      "airline_seat_legroom_reduced" :                   {"value": "airline_seat_legroom_reduced"},
      "airline_seat_legroom_normal" :                    {"value": "airline_seat_legroom_normal"},
      "airline_seat_recline_normal" :                    {"value": "airline_seat_recline_normal"},
      "airline_seat_legroom_extra" :                     {"value": "airline_seat_legroom_extra"},
      "airline_seat_recline_extra" :                     {"value": "airline_seat_recline_extra"},
      "airline_seat_flat_angled" :                       {"value": "airline_seat_flat_angled"},
      "arrow_drop_down_circle" :                         {"value": "arrow_drop_down_circle"},
      "account_balance_wallet" :                         {"value": "account_balance_wallet"},
      "airplanemode_inactive" :                          {"value": "airplanemode_inactive"},
      "assignment_turned_in" :                           {"value": "assignment_turned_in"},
      "assignment_returned" :                            {"value": "assignment_returned"},
      "airplanemode_active" :                            {"value": "airplanemode_active"},
      "add_circle_outline" :                             {"value": "add_circle_outline"},
      "add_shopping_cart" :                              {"value": "add_shopping_cart"},
      "assignment_return" :                              {"value": "assignment_return"},
      "airline_seat_flat" :                              {"value": "airline_seat_flat"},
      "airplanemode_off" :                               {"value": "airplanemode_off"},
      "assignment_late" :                                {"value": "assignment_late"},
      "assistant_photo" :                                {"value": "assistant_photo"},
      "arrow_drop_down" :                                {"value": "arrow_drop_down"},
      "airplanemode_on" :                                {"value": "airplanemode_on"},
      "airport_shuttle" :                                {"value": "airport_shuttle"},
      "account_balance" :                                {"value": "account_balance"},
      "account_circle" :                                 {"value": "account_circle"},
      "arrow_downward" :                                 {"value": "arrow_downward"},
      "assignment_ind" :                                 {"value": "assignment_ind"},
      "all_inclusive" :                                  {"value": "all_inclusive"},
      "arrow_drop_up" :                                  {"value": "arrow_drop_up"},
      "add_to_photos" :                                  {"value": "add_to_photos"},
      "arrow_forward" :                                  {"value": "arrow_forward"},
      "accessibility" :                                  {"value": "accessibility"},
      "access_alarms" :                                  {"value": "access_alarms"},
      "arrow_upward" :                                   {"value": "arrow_upward"},
      "attach_money" :                                   {"value": "attach_money"},
      "add_to_queue" :                                   {"value": "add_to_queue"},
      "aspect_ratio" :                                   {"value": "aspect_ratio"},
      "announcement" :                                   {"value": "announcement"},
      "add_location" :                                   {"value": "add_location"},
      "access_alarm" :                                   {"value": "access_alarm"},
      "account_box" :                                    {"value": "account_box"},
      "access_time" :                                    {"value": "access_time"},
      "add_a_photo" :                                    {"value": "add_a_photo"},
      "attach_file" :                                    {"value": "attach_file"},
      "assignment" :                                     {"value": "assignment"},
      "arrow_back" :                                     {"value": "arrow_back"},
      "accessible" :                                     {"value": "accessible"},
      "add_circle" :                                     {"value": "add_circle"},
      "assessment" :                                     {"value": "assessment"},
      "audiotrack" :                                     {"value": "audiotrack"},
      "attachment" :                                     {"value": "attachment"},
      "art_track" :                                      {"value": "art_track"},
      "alarm_off" :                                      {"value": "alarm_off"},
      "add_alert" :                                      {"value": "add_alert"},
      "add_alarm" :                                      {"value": "add_alarm"},
      "alarm_add" :                                      {"value": "alarm_add"},
      "autorenew" :                                      {"value": "autorenew"},
      "assistant" :                                      {"value": "assistant"},
      "alarm_on" :                                       {"value": "alarm_on"},
      "av_timer" :                                       {"value": "av_timer"},
      "all_out" :                                        {"value": "all_out"},
      "archive" :                                        {"value": "archive"},
      "add_box" :                                        {"value": "add_box"},
      "android" :                                        {"value": "android"},
      "airplay" :                                        {"value": "airplay"},
      "ac_unit" :                                        {"value": "ac_unit"},
      "adjust" :                                         {"value": "adjust"},
      "alarm" :                                          {"value": "alarm"},
      "album" :                                          {"value": "album"},
      "apps" :                                           {"value": "apps"},
      "add" :                                            {"value": "add"},
      "adb" :                                            {"value": "adb"},
      "battery_charging_full" :                          {"value": "battery_charging_full"},
      "bluetooth_connected" :                            {"value": "bluetooth_connected"},
      "bluetooth_searching" :                            {"value": "bluetooth_searching"},
      "branding_watermark" :                             {"value": "branding_watermark"},
      "bluetooth_disabled" :                             {"value": "bluetooth_disabled"},
      "brightness_medium" :                              {"value": "brightness_medium"},
      "border_horizontal" :                              {"value": "border_horizontal"},
      "bookmark_outline" :                               {"value": "bookmark_outline"},
      "brightness_auto" :                                {"value": "brightness_auto"},
      "business_center" :                                {"value": "business_center"},
      "border_vertical" :                                {"value": "border_vertical"},
      "brightness_high" :                                {"value": "brightness_high"},
      "bluetooth_audio" :                                {"value": "bluetooth_audio"},
      "battery_unknown" :                                {"value": "battery_unknown"},
      "bookmark_border" :                                {"value": "bookmark_border"},
      "brightness_low" :                                 {"value": "brightness_low"},
      "border_bottom" :                                  {"value": "border_bottom"},
      "blur_circular" :                                  {"value": "blur_circular"},
      "battery_alert" :                                  {"value": "battery_alert"},
      "border_inner" :                                   {"value": "border_inner"},
      "brightness_seven" :                               {"value": "brightness_7"},
      "border_color" :                                   {"value": "border_color"},
      "border_clear" :                                   {"value": "border_clear"},
      "brightness_six" :                                 {"value": "brightness_6"},
      "brightness_five" :                                {"value": "brightness_5"},
      "brightness_four" :                                {"value": "brightness_4"},
      "brightness_three" :                               {"value": "brightness_3"},
      "brightness_two" :                                 {"value": "brightness_2"},
      "brightness_one" :                                 {"value": "brightness_1"},
      "bubble_chart" :                                   {"value": "bubble_chart"},
      "broken_image" :                                   {"value": "broken_image"},
      "beach_access" :                                   {"value": "beach_access"},
      "border_style" :                                   {"value": "border_style"},
      "battery_full" :                                   {"value": "battery_full"},
      "border_right" :                                   {"value": "border_right"},
      "border_outer" :                                   {"value": "border_outer"},
      "blur_linear" :                                    {"value": "blur_linear"},
      "border_left" :                                    {"value": "border_left"},
      "battery_std" :                                    {"value": "battery_std"},
      "border_top" :                                     {"value": "border_top"},
      "border_all" :                                     {"value": "border_all"},
      "bug_report" :                                     {"value": "bug_report"},
      "burst_mode" :                                     {"value": "burst_mode"},
      "bluetooth" :                                      {"value": "bluetooth"},
      "backspace" :                                      {"value": "backspace"},
      "beenhere" :                                       {"value": "beenhere"},
      "bookmark" :                                       {"value": "bookmark"},
      "blur_off" :                                       {"value": "blur_off"},
      "business" :                                       {"value": "business"},
      "blur_on" :                                        {"value": "blur_on"},
      "backup" :                                         {"value": "backup"},
      "brush" :                                          {"value": "brush"},
      "build" :                                          {"value": "build"},
      "block" :                                          {"value": "block"},
      "book" :                                           {"value": "book"},
      "control_point_duplicate" :                        {"value": "control_point_duplicate"},
      "check_box_outline_blank" :                        {"value": "check_box_outline_blank"},
      "collections_bookmark" :                           {"value": "collections_bookmark"},
      "call_missed_outgoing" :                           {"value": "call_missed_outgoing"},
      "chat_bubble_outline" :                            {"value": "chat_bubble_outline"},
      "center_focus_strong" :                            {"value": "center_focus_strong"},
      "confirmation_number" :                            {"value": "confirmation_number"},
      "chrome_reader_mode" :                             {"value": "chrome_reader_mode"},
      "create_new_folder" :                              {"value": "create_new_folder"},
      "center_focus_weak" :                              {"value": "center_focus_weak"},
      "confirmation_num" :                               {"value": "confirmation_num"},
      "card_membership" :                                {"value": "card_membership"},
      "cloud_download" :                                 {"value": "cloud_download"},
      "change_history" :                                 {"value": "change_history"},
      "closed_caption" :                                 {"value": "closed_caption"},
      "compare_arrows" :                                 {"value": "compare_arrows"},
      "cast_connected" :                                 {"value": "cast_connected"},
      "child_friendly" :                                 {"value": "child_friendly"},
      "camera_enhance" :                                 {"value": "camera_enhance"},
      "call_to_action" :                                 {"value": "call_to_action"},
      "crop_landscape" :                                 {"value": "crop_landscape"},
      "control_point" :                                  {"value": "control_point"},
      "content_paste" :                                  {"value": "content_paste"},
      "card_giftcard" :                                  {"value": "card_giftcard"},
      "contact_phone" :                                  {"value": "contact_phone"},
      "crop_original" :                                  {"value": "crop_original"},
      "call_received" :                                  {"value": "call_received"},
      "crop_portrait" :                                  {"value": "crop_portrait"},
      "contact_mail" :                                   {"value": "contact_mail"},
      "cloud_upload" :                                   {"value": "cloud_upload"},
      "camera_front" :                                   {"value": "camera_front"},
      "content_copy" :                                   {"value": "content_copy"},
      "cloud_circle" :                                   {"value": "cloud_circle"},
      "check_circle" :                                   {"value": "check_circle"},
      "card_travel" :                                    {"value": "card_travel"},
      "crop_rotate" :                                    {"value": "crop_rotate"},
      "collections" :                                    {"value": "collections"},
      "camera_roll" :                                    {"value": "camera_roll"},
      "camera_rear" :                                    {"value": "camera_rear"},
      "chat_bubble" :                                    {"value": "chat_bubble"},
      "content_cut" :                                    {"value": "content_cut"},
      "cloud_queue" :                                    {"value": "cloud_queue"},
      "crop_square" :                                    {"value": "crop_square"},
      "credit_card" :                                    {"value": "credit_card"},
      "call_missed" :                                    {"value": "call_missed"},
      "child_care" :                                     {"value": "child_care"},
      "call_split" :                                     {"value": "call_split"},
      "color_lens" :                                     {"value": "color_lens"},
      "cloud_done" :                                     {"value": "cloud_done"},
      "camera_alt" :                                     {"value": "camera_alt"},
      "call_merge" :                                     {"value": "call_merge"},
      "clear_all" :                                      {"value": "clear_all"},
      "crop_free" :                                      {"value": "crop_free"},
      "crop_onesix_nine" :                               {"value": "crop_onesix_nine"},
      "check_box" :                                      {"value": "check_box"},
      "copyright" :                                      {"value": "copyright"},
      "cloud_off" :                                      {"value": "cloud_off"},
      "call_made" :                                      {"value": "call_made"},
      "contacts" :                                       {"value": "contacts"},
      "colorize" :                                       {"value": "colorize"},
      "crop_seven_five" :                                {"value": "crop_seven_five"},
      "crop_five_four" :                                 {"value": "crop_five_four"},
      "crop_three_two" :                                 {"value": "crop_three_two"},
      "crop_din" :                                       {"value": "crop_din"},
      "computer" :                                       {"value": "computer"},
      "call_end" :                                       {"value": "call_end"},
      "compare" :                                        {"value": "compare"},
      "comment" :                                        {"value": "comment"},
      "cancel" :                                         {"value": "cancel"},
      "casino" :                                         {"value": "casino"},
      "create" :                                         {"value": "create"},
      "aperture" :                                       {"value": "aperture"},
      "cached" :                                         {"value": "cached"},
      "cloud" :                                          {"value": "cloud"},
      "clear" :                                          {"value": "clear"},
      "class" :                                          {"value": "class"},
      "check" :                                          {"value": "check"},
      "close" :                                          {"value": "close"},
      "crop" :                                           {"value": "crop"},
      "chat" :                                           {"value": "chat"},
      "code" :                                           {"value": "code"},
      "call" :                                           {"value": "call"},
      "cake" :                                           {"value": "cake"},
      "cast" :                                           {"value": "cast"},
      "do_not_disturb_off" :                             {"value": "do_not_disturb_off"},
      "do_not_disturb_alt" :                             {"value": "do_not_disturb_alt"},
      "directions_transit" :                             {"value": "directions_transit"},
      "directions_railway" :                             {"value": "directions_railway"},
      "directions_subway" :                              {"value": "directions_subway"},
      "do_not_disturb_on" :                              {"value": "do_not_disturb_on"},
      "dnd_forwardslash" :                               {"value": "dnd_forwardslash"},
      "directions_train" :                               {"value": "directions_train"},
      "directions_ferry" :                               {"value": "directions_ferry"},
      "directions_boat" :                                {"value": "directions_boat"},
      "directions_walk" :                                {"value": "directions_walk"},
      "directions_bike" :                                {"value": "directions_bike"},
      "developer_board" :                                {"value": "developer_board"},
      "desktop_windows" :                                {"value": "desktop_windows"},
      "directions_run" :                                 {"value": "directions_run"},
      "directions_car" :                                 {"value": "directions_car"},
      "developer_mode" :                                 {"value": "developer_mode"},
      "directions_bus" :                                 {"value": "directions_bus"},
      "do_not_disturb" :                                 {"value": "do_not_disturb"},
      "delete_forever" :                                 {"value": "delete_forever"},
      "devices_other" :                                  {"value": "devices_other"},
      "delete_sweep" :                                   {"value": "delete_sweep"},
      "donut_small" :                                    {"value": "donut_small"},
      "desktop_mac" :                                    {"value": "desktop_mac"},
      "description" :                                    {"value": "description"},
      "donut_large" :                                    {"value": "donut_large"},
      "drag_handle" :                                    {"value": "drag_handle"},
      "directions" :                                     {"value": "directions"},
      "device_hub" :                                     {"value": "device_hub"},
      "dialer_sip" :                                     {"value": "dialer_sip"},
      "date_range" :                                     {"value": "date_range"},
      "data_usage" :                                     {"value": "data_usage"},
      "drive_eta" :                                      {"value": "drive_eta"},
      "disc_full" :                                      {"value": "disc_full"},
      "dashboard" :                                      {"value": "dashboard"},
      "done_all" :                                       {"value": "done_all"},
      "details" :                                        {"value": "details"},
      "devices" :                                        {"value": "devices"},
      "dialpad" :                                        {"value": "dialpad"},
      "dehaze" :                                         {"value": "dehaze"},
      "domain" :                                         {"value": "domain"},
      "drafts" :                                         {"value": "drafts"},
      "delete" :                                         {"value": "delete"},
      "done" :                                           {"value": "done"},
      "dock" :                                           {"value": "dock"},
      "dns" :                                            {"value": "dns"},
      "dvr" :                                            {"value": "dvr"},
      "enhance_photo_translate" :                        {"value": "enhance_photo_translate"},
      "enhanced_encryption" :                            {"value": "enhanced_encryption"},
      "exposure_minus_two" :                             {"value": "exposure_minus_two"},
      "exposure_minus_one" :                             {"value": "exposure_minus_one"},
      "event_available" :                                {"value": "event_available"},
      "exposure_plus_two" :                              {"value": "exposure_plus_two"},
      "exposure_plus_one" :                              {"value": "exposure_plus_one"},
      "exposure_neg_two" :                               {"value": "exposure_neg_two"},
      "exposure_neg_one" :                               {"value": "exposure_neg_one"},
      "exposure_zero" :                                  {"value": "exposure_zero"},
      "edit_location" :                                  {"value": "edit_location"},
      "error_outline" :                                  {"value": "error_outline"},
      "expand_less" :                                    {"value": "expand_less"},
      "exit_to_app" :                                    {"value": "exit_to_app"},
      "expand_more" :                                    {"value": "expand_more"},
      "euro_symbol" :                                    {"value": "euro_symbol"},
      "event_busy" :                                     {"value": "event_busy"},
      "event_seat" :                                     {"value": "event_seat"},
      "ev_station" :                                     {"value": "ev_station"},
      "event_note" :                                     {"value": "event_note"},
      "equalizer" :                                      {"value": "equalizer"},
      "extension" :                                      {"value": "extension"},
      "exposure" :                                       {"value": "exposure"},
      "explicit" :                                       {"value": "explicit"},
      "explore" :                                        {"value": "explore"},
      "email_fill" :                                     {"value": "email_fill"},
      "eject" :                                          {"value": "eject"},
      "event" :                                          {"value": "event"},
      "error" :                                          {"value": "error"},
      "edit" :                                           {"value": "edit"},
      "format_textdirection_r_to_l" :                    {"value": "format_textdirection_r_to_l"},
      "format_textdirection_l_to_r" :                    {"value": "format_textdirection_l_to_r"},
      "format_indent_increase" :                         {"value": "format_indent_increase"},
      "format_indent_decrease" :                         {"value": "format_indent_decrease"},
      "format_list_bulleted" :                           {"value": "format_list_bulleted"},
      "format_strikethrough" :                           {"value": "format_strikethrough"},
      "format_list_numbered" :                           {"value": "format_list_numbered"},
      "format_align_justify" :                           {"value": "format_align_justify"},
      "format_line_spacing" :                            {"value": "format_line_spacing"},
      "format_align_center" :                            {"value": "format_align_center"},
      "filter_center_focus" :                            {"value": "filter_center_focus"},
      "fiber_manual_record" :                            {"value": "fiber_manual_record"},
      "format_color_reset" :                             {"value": "format_color_reset"},
      "fiber_smart_record" :                             {"value": "fiber_smart_record"},
      "format_align_right" :                             {"value": "format_align_right"},
      "featured_play_list" :                             {"value": "featured_play_list"},
      "filter_tilt_shift" :                              {"value": "filter_tilt_shift"},
      "format_color_text" :                              {"value": "format_color_text"},
      "format_align_left" :                              {"value": "format_align_left"},
      "format_underlined" :                              {"value": "format_underlined"},
      "format_color_fill" :                              {"value": "format_color_fill"},
      "format_underline" :                               {"value": "format_underline"},
      "favorite_outline" :                               {"value": "favorite_outline"},
      "favorite_border" :                                {"value": "favorite_border"},
      "fullscreen_exit" :                                {"value": "fullscreen_exit"},
      "filter_b_and_w" :                                 {"value": "filter_b_and_w"},
      "flight_takeoff" :                                 {"value": "flight_takeoff"},
      "fitness_center" :                                 {"value": "fitness_center"},
      "featured_video" :                                 {"value": "featured_video"},
      "filter_vintage" :                                 {"value": "filter_vintage"},
      "free_breakfast" :                                 {"value": "free_breakfast"},
      "folder_special" :                                 {"value": "folder_special"},
      "filter_nine_plus" :                               {"value": "filter_nine_plus"},
      "file_download" :                                  {"value": "file_download"},
      "font_download" :                                  {"value": "font_download"},
      "format_italic" :                                  {"value": "format_italic"},
      "folder_shared" :                                  {"value": "folder_shared"},
      "filter_frames" :                                  {"value": "filter_frames"},
      "flip_to_front" :                                  {"value": "flip_to_front"},
      "format_shapes" :                                  {"value": "format_shapes"},
      "format_quote" :                                   {"value": "format_quote"},
      "flip_to_back" :                                   {"value": "flip_to_back"},
      "format_clear" :                                   {"value": "format_clear"},
      "filter_drama" :                                   {"value": "filter_drama"},
      "format_paint" :                                   {"value": "format_paint"},
      "find_replace" :                                   {"value": "find_replace"},
      "find_in_page" :                                   {"value": "find_in_page"},
      "fast_forward" :                                   {"value": "fast_forward"},
      "filter_none" :                                    {"value": "filter_none"},
      "filter_list" :                                    {"value": "filter_list"},
      "fingerprint" :                                    {"value": "fingerprint"},
      "format_size" :                                    {"value": "format_size"},
      "folder_open" :                                    {"value": "folder_open"},
      "flight_land" :                                    {"value": "flight_land"},
      "format_bold" :                                    {"value": "format_bold"},
      "fast_rewind" :                                    {"value": "fast_rewind"},
      "file_upload" :                                    {"value": "file_upload"},
      "fullscreen" :                                     {"value": "fullscreen"},
      "forward_threezero" :                              {"value": "forward_threezero"},
      "filter_hdr" :                                     {"value": "filter_hdr"},
      "flash_auto" :                                     {"value": "flash_auto"},
      "forward_onezero" :                                {"value": "forward_onezero"},
      "first_page" :                                     {"value": "first_page"},
      "flash_off" :                                      {"value": "flash_off"},
      "functions" :                                      {"value": "functions"},
      "fiber_pin" :                                      {"value": "fiber_pin"},
      "fiber_new" :                                      {"value": "fiber_new"},
      "forward_five" :                                   {"value": "forward_five"},
      "fiber_dvr" :                                      {"value": "fiber_dvr"},
      "filter_seven" :                                   {"value": "filter_seven"},
      "filter_six" :                                     {"value": "filter_six"},
      "filter_five" :                                    {"value": "filter_five"},
      "filter_four" :                                    {"value": "filter_four"},
      "feedback" :                                       {"value": "feedback"},
      "filter_three" :                                   {"value": "filter_three"},
      "filter_two" :                                     {"value": "filter_two"},
      "filter_one" :                                     {"value": "filter_one"},
      "flash_on" :                                       {"value": "flash_on"},
      "favorite" :                                       {"value": "favorite"},
      "filter_nine" :                                    {"value": "filter_nine"},
      "filter_eight" :                                   {"value": "filter_eight"},
      "forward" :                                        {"value": "forward"},
      "flight" :                                         {"value": "flight"},
      "folder" :                                         {"value": "folder"},
      "camera_filter" :                                  {"value": "camera_filter"},
      "forum" :                                          {"value": "forum"},
      "flare" :                                          {"value": "flare"},
      "flip" :                                           {"value": "flip"},
      "flag" :                                           {"value": "flag"},
      "face" :                                           {"value": "face"},
      "gps_not_fixed" :                                  {"value": "gps_not_fixed"},
      "golf_course" :                                    {"value": "golf_course"},
      "g_translate" :                                    {"value": "g_translate"},
      "graphic_eq" :                                     {"value": "graphic_eq"},
      "group_work" :                                     {"value": "group_work"},
      "group_add" :                                      {"value": "group_add"},
      "gps_fixed" :                                      {"value": "gps_fixed"},
      "grid_off" :                                       {"value": "grid_off"},
      "gradient" :                                       {"value": "gradient"},
      "grid_on" :                                        {"value": "grid_on"},
      "get_app" :                                        {"value": "get_app"},
      "gesture" :                                        {"value": "gesture"},
      "gamepad" :                                        {"value": "gamepad"},
      "gps_off" :                                        {"value": "gps_off"},
      "grade" :                                          {"value": "grade"},
      "gavel" :                                          {"value": "gavel"},
      "games" :                                          {"value": "games"},
      "grain" :                                          {"value": "grain"},
      "group" :                                          {"value": "group"},
      "gif" :                                            {"value": "gif"},
      "highlight_remove" :                               {"value": "highlight_remove"},
      "hourglass_empty" :                                {"value": "hourglass_empty"},
      "hourglass_full" :                                 {"value": "hourglass_full"},
      "highlight_off" :                                  {"value": "highlight_off"},
      "high_quality" :                                   {"value": "high_quality"},
      "help_outline" :                                   {"value": "help_outline"},
      "headset_mic" :                                    {"value": "headset_mic"},
      "hdr_strong" :                                     {"value": "hdr_strong"},
      "highlight" :                                      {"value": "highlight"},
      "hdr_weak" :                                       {"value": "hdr_weak"},
      "healing" :                                        {"value": "healing"},
      "history" :                                        {"value": "history"},
      "headset" :                                        {"value": "headset"},
      "hot_tub" :                                        {"value": "hot_tub"},
      "hearing" :                                        {"value": "hearing"},
      "hdr_off" :                                        {"value": "hdr_off"},
      "hdr_on" :                                         {"value": "hdr_on"},
      "hotel" :                                          {"value": "hotel"},
      "https" :                                          {"value": "https"},
      "help" :                                           {"value": "help"},
      "http" :                                           {"value": "http"},
      "home" :                                           {"value": "home"},
      "hd" :                                             {"value": "hd"},
      "indeterminate_check_box" :                        {"value": "indeterminate_check_box"},
      "image_aspect_ratio" :                             {"value": "image_aspect_ratio"},
      "insert_drive_file" :                              {"value": "insert_drive_file"},
      "invert_colors_off" :                              {"value": "invert_colors_off"},
      "important_devices" :                              {"value": "important_devices"},
      "insert_invitation" :                              {"value": "insert_invitation"},
      "invert_colors_on" :                               {"value": "invert_colors_on"},
      "import_contacts" :                                {"value": "import_contacts"},
      "insert_emoticon" :                                {"value": "insert_emoticon"},
      "insert_comment" :                                 {"value": "insert_comment"},
      "invert_colors" :                                  {"value": "invert_colors"},
      "import_export" :                                  {"value": "import_export"},
      "info_outline" :                                   {"value": "info_outline"},
      "insert_photo" :                                   {"value": "insert_photo"},
      "insert_chart" :                                   {"value": "insert_chart"},
      "insert_link" :                                    {"value": "insert_link"},
      "input" :                                          {"value": "input"},
      "inbox" :                                          {"value": "inbox"},
      "image" :                                          {"value": "image"},
      "iso" :                                            {"value": "iso"},
      "keyboard_arrow_right" :                           {"value": "keyboard_arrow_right"},
      "keyboard_arrow_left" :                            {"value": "keyboard_arrow_left"},
      "keyboard_arrow_down" :                            {"value": "keyboard_arrow_down"},
      "keyboard_backspace" :                             {"value": "keyboard_backspace"},
      "keyboard_arrow_up" :                              {"value": "keyboard_arrow_up"},
      "keyboard_capslock" :                              {"value": "keyboard_capslock"},
      "keyboard_control" :                               {"value": "keyboard_control"},
      "keyboard_return" :                                {"value": "keyboard_return"},
      "keyboard_voice" :                                 {"value": "keyboard_voice"},
      "keyboard_hide" :                                  {"value": "keyboard_hide"},
      "keyboard_tab" :                                   {"value": "keyboard_tab"},
      "keyboard" :                                       {"value": "keyboard"},
      "kitchen" :                                        {"value": "kitchen"},
      "local_convenience_store" :                        {"value": "local_convenience_store"},
      "local_laundry_service" :                          {"value": "local_laundry_service"},
      "local_grocery_store" :                            {"value": "local_grocery_store"},
      "location_searching" :                             {"value": "location_searching"},
      "local_post_office" :                              {"value": "local_post_office"},
      "local_gas_station" :                              {"value": "local_gas_station"},
      "location_disabled" :                              {"value": "location_disabled"},
      "lightbulb_outline" :                              {"value": "lightbulb_outline"},
      "laptop_chromebook" :                              {"value": "laptop_chromebook"},
      "location_history" :                               {"value": "location_history"},
      "local_attraction" :                               {"value": "local_attraction"},
      "local_print_shop" :                               {"value": "local_print_shop"},
      "local_restaurant" :                               {"value": "local_restaurant"},
      "local_printshop" :                                {"value": "local_printshop"},
      "local_car_wash" :                                 {"value": "local_car_wash"},
      "local_activity" :                                 {"value": "local_activity"},
      "local_shipping" :                                 {"value": "local_shipping"},
      "local_hospital" :                                 {"value": "local_hospital"},
      "laptop_windows" :                                 {"value": "laptop_windows"},
      "local_pharmacy" :                                 {"value": "local_pharmacy"},
      "local_florist" :                                  {"value": "local_florist"},
      "local_parking" :                                  {"value": "local_parking"},
      "linked_camera" :                                  {"value": "linked_camera"},
      "local_library" :                                  {"value": "local_library"},
      "library_music" :                                  {"value": "library_music"},
      "library_books" :                                  {"value": "library_books"},
      "location_city" :                                  {"value": "location_city"},
      "local_airport" :                                  {"value": "local_airport"},
      "label_outline" :                                  {"value": "label_outline"},
      "location_off" :                                   {"value": "location_off"},
      "lock_outline" :                                   {"value": "lock_outline"},
      "local_dining" :                                   {"value": "local_dining"},
      "layers_clear" :                                   {"value": "layers_clear"},
      "low_priority" :                                   {"value": "low_priority"},
      "local_movies" :                                   {"value": "local_movies"},
      "linear_scale" :                                   {"value": "linear_scale"},
      "location_on" :                                    {"value": "location_on"},
      "local_pizza" :                                    {"value": "local_pizza"},
      "local_drink" :                                    {"value": "local_drink"},
      "library_add" :                                    {"value": "library_add"},
      "leak_remove" :                                    {"value": "leak_remove"},
      "local_hotel" :                                    {"value": "local_hotel"},
      "local_offer" :                                    {"value": "local_offer"},
      "local_phone" :                                    {"value": "local_phone"},
      "line_weight" :                                    {"value": "line_weight"},
      "line_style" :                                     {"value": "line_style"},
      "local_mall" :                                     {"value": "local_mall"},
      "local_cafe" :                                     {"value": "local_cafe"},
      "laptop_mac" :                                     {"value": "laptop_mac"},
      "local_taxi" :                                     {"value": "local_taxi"},
      "local_play" :                                     {"value": "local_play"},
      "local_see" :                                      {"value": "local_see"},
      "local_bar" :                                      {"value": "local_bar"},
      "local_atm" :                                      {"value": "local_atm"},
      "last_page" :                                      {"value": "last_page"},
      "looks_two" :                                      {"value": "looks_two"},
      "lock_open" :                                      {"value": "lock_open"},
      "looks_one" :                                      {"value": "looks_one"},
      "landscape" :                                      {"value": "landscape"},
      "live_help" :                                      {"value": "live_help"},
      "leak_add" :                                       {"value": "leak_add"},
      "language" :                                       {"value": "language"},
      "loyalty" :                                        {"value": "loyalty"},
      "looks_six" :                                      {"value": "looks_six"},
      "looks_five" :                                     {"value": "looks_five"},
      "looks_four" :                                     {"value": "looks_four"},
      "live_tv" :                                        {"value": "live_tv"},
      "looks_three" :                                    {"value": "looks_three"},
      "layers" :                                         {"value": "layers"},
      "launch" :                                         {"value": "launch"},
      "laptop" :                                         {"value": "laptop"},
      "loupe" :                                          {"value": "loupe"},
      "looks" :                                          {"value": "looks"},
      "label" :                                          {"value": "label"},
      "lens" :                                           {"value": "lens"},
      "link" :                                           {"value": "link"},
      "loop" :                                           {"value": "loop"},
      "lock" :                                           {"value": "lock"},
      "markunread_mailbox" :                             {"value": "markunread_mailbox"},
      "monochrome_photos" :                              {"value": "monochrome_photos"},
      "messenger_outline" :                              {"value": "messenger_outline"},
      "my_library_books" :                               {"value": "my_library_books"},
      "multitrack_audio" :                               {"value": "multitrack_audio"},
      "my_library_music" :                               {"value": "my_library_music"},
      "monetization_on" :                                {"value": "monetization_on"},
      "multiline_chart" :                                {"value": "multiline_chart"},
      "movie_creation" :                                 {"value": "movie_creation"},
      "my_library_add" :                                 {"value": "my_library_add"},
      "move_to_inbox" :                                  {"value": "move_to_inbox"},
      "mail_outline" :                                   {"value": "mail_outline"},
      "mode_comment" :                                   {"value": "mode_comment"},
      "movie_filter" :                                   {"value": "movie_filter"},
      "my_location" :                                    {"value": "my_location"},
      "music_video" :                                    {"value": "music_video"},
      "more_horiz" :                                     {"value": "more_horiz"},
      "merge_type" :                                     {"value": "merge_type"},
      "music_note" :                                     {"value": "music_note"},
      "markunread" :                                     {"value": "markunread"},
      "motorcycle" :                                     {"value": "motorcycle"},
      "more_vert" :                                      {"value": "more_vert"},
      "mode_edit" :                                      {"value": "mode_edit"},
      "money_off" :                                      {"value": "money_off"},
      "messenger" :                                      {"value": "messenger"},
      "mood_bad" :                                       {"value": "mood_bad"},
      "mic_none" :                                       {"value": "mic_none"},
      "mic_off" :                                        {"value": "mic_off"},
      "message" :                                        {"value": "message"},
      "memory" :                                         {"value": "memory"},
      "mouse" :                                          {"value": "mouse"},
      "movie" :                                          {"value": "movie"},
      "mood" :                                           {"value": "mood"},
      "mail" :                                           {"value": "mail"},
      "more" :                                           {"value": "more"},
      "menu" :                                           {"value": "menu"},
      "map" :                                            {"value": "map"},
      "mms" :                                            {"value": "mms"},
      "mic" :                                            {"value": "mic"},
      "notifications_paused" :                           {"value": "notifications_paused"},
      "notifications_active" :                           {"value": "notifications_active"},
      "notifications_none" :                             {"value": "notifications_none"},
      "notifications_off" :                              {"value": "notifications_off"},
      "notifications_on" :                               {"value": "notifications_on"},
      "navigate_before" :                                {"value": "navigate_before"},
      "network_locked" :                                 {"value": "network_locked"},
      "not_interested" :                                 {"value": "not_interested"},
      "no_encryption" :                                  {"value": "no_encryption"},
      "notifications" :                                  {"value": "notifications"},
      "network_check" :                                  {"value": "network_check"},
      "navigate_next" :                                  {"value": "navigate_next"},
      "now_wallpaper" :                                  {"value": "now_wallpaper"},
      "nature_people" :                                  {"value": "nature_people"},
      "new_releases" :                                   {"value": "new_releases"},
      "network_wifi" :                                   {"value": "network_wifi"},
      "network_cell" :                                   {"value": "network_cell"},
      "now_widgets" :                                    {"value": "now_widgets"},
      "navigation" :                                     {"value": "navigation"},
      "next_week" :                                      {"value": "next_week"},
      "note_add" :                                       {"value": "note_add"},
      "near_me" :                                        {"value": "near_me"},
      "no_sim" :                                         {"value": "no_sim"},
      "nature" :                                         {"value": "nature"},
      "note" :                                           {"value": "note"},
      "nfc" :                                            {"value": "nfc"},
      "open_in_browser" :                                {"value": "open_in_browser"},
      "ondemand_video" :                                 {"value": "ondemand_video"},
      "open_in_new" :                                    {"value": "open_in_new"},
      "offline_pin" :                                    {"value": "offline_pin"},
      "open_with" :                                      {"value": "open_with"},
      "opacity" :                                        {"value": "opacity"},
      "photo_size_select_actual" :                       {"value": "photo_size_select_actual"},
      "photo_size_select_large" :                        {"value": "photo_size_select_large"},
      "photo_size_select_small" :                        {"value": "photo_size_select_small"},
      "phone_bluetooth_speaker" :                        {"value": "phone_bluetooth_speaker"},
      "perm_device_information" :                        {"value": "perm_device_information"},
      "picture_in_picture_alt" :                         {"value": "picture_in_picture_alt"},
      "perm_contact_calendar" :                          {"value": "perm_contact_calendar"},
      "pause_circle_outline" :                           {"value": "pause_circle_outline"},
      "play_circle_outline" :                            {"value": "play_circle_outline"},
      "pause_circle_filled" :                            {"value": "pause_circle_filled"},
      "panorama_wide_angle" :                            {"value": "panorama_wide_angle"},
      "panorama_horizontal" :                            {"value": "panorama_horizontal"},
      "power_settings_new" :                             {"value": "power_settings_new"},
      "play_circle_filled" :                             {"value": "play_circle_filled"},
      "pie_chart_outlined" :                             {"value": "pie_chart_outlined"},
      "playlist_add_check" :                             {"value": "playlist_add_check"},
      "picture_in_picture" :                             {"value": "picture_in_picture"},
      "perm_data_setting" :                              {"value": "perm_data_setting"},
      "person_pin_circle" :                              {"value": "person_pin_circle"},
      "panorama_vertical" :                              {"value": "panorama_vertical"},
      "portable_wifi_off" :                              {"value": "portable_wifi_off"},
      "panorama_fish_eye" :                              {"value": "panorama_fish_eye"},
      "play_circle_fill" :                               {"value": "play_circle_fill"},
      "perm_device_info" :                               {"value": "perm_device_info"},
      "perm_contact_cal" :                               {"value": "perm_contact_cal"},
      "panorama_fisheye" :                               {"value": "panorama_fisheye"},
      "perm_camera_mic" :                                {"value": "perm_camera_mic"},
      "phonelink_erase" :                                {"value": "phonelink_erase"},
      "phone_forwarded" :                                {"value": "phone_forwarded"},
      "phonelink_setup" :                                {"value": "phonelink_setup"},
      "personal_video" :                                 {"value": "personal_video"},
      "phonelink_ring" :                                 {"value": "phonelink_ring"},
      "people_outline" :                                 {"value": "people_outline"},
      "person_outline" :                                 {"value": "person_outline"},
      "perm_scan_wifi" :                                 {"value": "perm_scan_wifi"},
      "perm_phone_msg" :                                 {"value": "perm_phone_msg"},
      "phonelink_lock" :                                 {"value": "phonelink_lock"},
      "present_to_all" :                                 {"value": "present_to_all"},
      "picture_as_pdf" :                                 {"value": "picture_as_pdf"},
      "pregnant_woman" :                                 {"value": "pregnant_woman"},
      "priority_high" :                                  {"value": "priority_high"},
      "perm_identity" :                                  {"value": "perm_identity"},
      "play_for_work" :                                  {"value": "play_for_work"},
      "phone_android" :                                  {"value": "phone_android"},
      "phonelink_off" :                                  {"value": "phonelink_off"},
      "playlist_play" :                                  {"value": "playlist_play"},
      "photo_library" :                                  {"value": "photo_library"},
      "phone_in_talk" :                                  {"value": "phone_in_talk"},
      "phone_paused" :                                   {"value": "phone_paused"},
      "phone_missed" :                                   {"value": "phone_missed"},
      "phone_locked" :                                   {"value": "phone_locked"},
      "phone_iphone" :                                   {"value": "phone_iphone"},
      "photo_camera" :                                   {"value": "photo_camera"},
      "playlist_add" :                                   {"value": "playlist_add"},
      "photo_filter" :                                   {"value": "photo_filter"},
      "photo_album" :                                    {"value": "photo_album"},
      "power_input" :                                    {"value": "power_input"},
      "play_arrow" :                                     {"value": "play_arrow"},
      "perm_media" :                                     {"value": "perm_media"},
      "person_add" :                                     {"value": "person_add"},
      "person_pin" :                                     {"value": "person_pin"},
      "party_mode" :                                     {"value": "party_mode"},
      "pie_chart" :                                      {"value": "pie_chart"},
      "phonelink" :                                      {"value": "phonelink"},
      "pin_drop" :                                       {"value": "pin_drop"},
      "portrait" :                                       {"value": "portrait"},
      "plus_one" :                                       {"value": "plus_one"},
      "panorama" :                                       {"value": "panorama"},
      "pan_tool" :                                       {"value": "pan_tool"},
      "pageview" :                                       {"value": "pageview"},
      "payment" :                                        {"value": "payment"},
      "publish" :                                        {"value": "publish"},
      "palette" :                                        {"value": "palette"},
      "polymer" :                                        {"value": "polymer"},
      "public" :                                         {"value": "public"},
      "people" :                                         {"value": "people"},
      "person" :                                         {"value": "person"},
      "print" :                                          {"value": "print"},
      "pause" :                                          {"value": "pause"},
      "photo" :                                          {"value": "photo"},
      "power" :                                          {"value": "power"},
      "place" :                                          {"value": "place"},
      "phone" :                                          {"value": "phone"},
      "pages" :                                          {"value": "pages"},
      "poll" :                                           {"value": "poll"},
      "pool" :                                           {"value": "pool"},
      "pets" :                                           {"value": "pets"},
      "quick_contacts_dialer" :                          {"value": "quick_contacts_dialer"},
      "quick_contacts_mail" :                            {"value": "quick_contacts_mail"},
      "queue_play_next" :                                {"value": "queue_play_next"},
      "question_answer" :                                {"value": "question_answer"},
      "query_builder" :                                  {"value": "query_builder"},
      "queue_music" :                                    {"value": "queue_music"},
      "queue" :                                          {"value": "queue"},
      "radio_button_unchecked" :                         {"value": "radio_button_unchecked"},
      "remove_circle_outline" :                          {"value": "remove_circle_outline"},
      "rotate_ninezero_degrees_ccw" :                    {"value": "rotate_ninezero_degrees_ccw"},
      "remove_shopping_cart" :                           {"value": "remove_shopping_cart"},
      "radio_button_checked" :                           {"value": "radio_button_checked"},
      "remove_from_queue" :                              {"value": "remove_from_queue"},
      "record_voice_over" :                              {"value": "record_voice_over"},
      "radio_button_off" :                               {"value": "radio_button_off"},
      "restaurant_menu" :                                {"value": "restaurant_menu"},
      "radio_button_on" :                                {"value": "radio_button_on"},
      "rounded_corner" :                                 {"value": "rounded_corner"},
      "remove_red_eye" :                                 {"value": "remove_red_eye"},
      "report_problem" :                                 {"value": "report_problem"},
      "remove_circle" :                                  {"value": "remove_circle"},
      "recent_actors" :                                  {"value": "recent_actors"},
      "room_service" :                                   {"value": "room_service"},
      "restore_page" :                                   {"value": "restore_page"},
      "rotate_right" :                                   {"value": "rotate_right"},
      "ring_volume" :                                    {"value": "ring_volume"},
      "rate_review" :                                    {"value": "rate_review"},
      "rotate_left" :                                    {"value": "rotate_left"},
      "restaurant" :                                     {"value": "restaurant"},
      "repeat_one" :                                     {"value": "repeat_one"},
      "reply_all" :                                      {"value": "reply_all"},
      "replay_threezero" :                               {"value": "replay_threezero"},
      "replay_onezero" :                                 {"value": "replay_onezero"},
      "rv_hookup" :                                      {"value": "rv_hookup"},
      "replay_five" :                                    {"value": "replay_five"},
      "rss_feed" :                                       {"value": "rss_feed"},
      "reorder" :                                        {"value": "reorder"},
      "restore" :                                        {"value": "restore"},
      "receipt" :                                        {"value": "receipt"},
      "refresh" :                                        {"value": "refresh"},
      "rowing" :                                         {"value": "rowing"},
      "repeat" :                                         {"value": "repeat"},
      "report" :                                         {"value": "report"},
      "remove" :                                         {"value": "remove"},
      "router" :                                         {"value": "router"},
      "redeem" :                                         {"value": "redeem"},
      "replay" :                                         {"value": "replay"},
      "radio" :                                          {"value": "radio"},
      "room" :                                           {"value": "room"},
      "redo" :                                           {"value": "redo"},
      "signal_cellular_connected_no_internet_four_bar" : {"value": "signal_cellular_connected_no_internet_four_bar"},
      "sentiment_very_dissatisfied" :                    {"value": "sentiment_very_dissatisfied"},
      "settings_system_daydream" :                       {"value": "settings_system_daydream"},
      "settings_input_composite" :                       {"value": "settings_input_composite"},
      "settings_input_component" :                       {"value": "settings_input_component"},
      "sentiment_very_satisfied" :                       {"value": "sentiment_very_satisfied"},
      "subdirectory_arrow_right" :                       {"value": "subdirectory_arrow_right"},
      "subdirectory_arrow_left" :                        {"value": "subdirectory_arrow_left"},
      "settings_backup_restore" :                        {"value": "settings_backup_restore"},
      "signal_cellular_no_sim" :                         {"value": "signal_cellular_no_sim"},
      "settings_input_antenna" :                         {"value": "settings_input_antenna"},
      "stay_primary_landscape" :                         {"value": "stay_primary_landscape"},
      "stay_current_landscape" :                         {"value": "stay_current_landscape"},
      "signal_wifi_four_bar_lock" :                      {"value": "signal_wifi_four_bar_lock"},
      "sentiment_dissatisfied" :                         {"value": "sentiment_dissatisfied"},
      "settings_input_svideo" :                          {"value": "settings_input_svideo"},
      "settings_applications" :                          {"value": "settings_applications"},
      "stay_current_portrait" :                          {"value": "stay_current_portrait"},
      "signal_cellular_four_bar" :                       {"value": "signal_cellular_four_bar"},
      "stay_primary_portrait" :                          {"value": "stay_primary_portrait"},
      "screen_lock_landscape" :                          {"value": "screen_lock_landscape"},
      "signal_cellular_null" :                           {"value": "signal_cellular_null"},
      "store_mall_directory" :                           {"value": "store_mall_directory"},
      "screen_lock_rotation" :                           {"value": "screen_lock_rotation"},
      "screen_lock_portrait" :                           {"value": "screen_lock_portrait"},
      "swap_vertical_circle" :                           {"value": "swap_vertical_circle"},
      "signal_cellular_off" :                            {"value": "signal_cellular_off"},
      "settings_brightness" :                            {"value": "settings_brightness"},
      "settings_input_hdmi" :                            {"value": "settings_input_hdmi"},
      "sentiment_satisfied" :                            {"value": "sentiment_satisfied"},
      "settings_bluetooth" :                             {"value": "settings_bluetooth"},
      "supervisor_account" :                             {"value": "supervisor_account"},
      "signal_wifi_four_bar" :                           {"value": "signal_wifi_four_bar"},
      "stop_screen_share" :                              {"value": "stop_screen_share"},
      "settings_ethernet" :                              {"value": "settings_ethernet"},
      "sentiment_neutral" :                              {"value": "sentiment_neutral"},
      "settings_overscan" :                              {"value": "settings_overscan"},
      "speaker_notes_off" :                              {"value": "speaker_notes_off"},
      "slow_motion_video" :                              {"value": "slow_motion_video"},
      "system_update_alt" :                              {"value": "system_update_alt"},
      "settings_display" :                               {"value": "settings_display"},
      "swap_vert_circle" :                               {"value": "swap_vert_circle"},
      "system_update_tv" :                               {"value": "system_update_tv"},
      "strikethrough_s" :                                {"value": "strikethrough_s"},
      "screen_rotation" :                                {"value": "screen_rotation"},
      "shopping_basket" :                                {"value": "shopping_basket"},
      "signal_wifi_off" :                                {"value": "signal_wifi_off"},
      "settings_remote" :                                {"value": "settings_remote"},
      "sim_card_alert" :                                 {"value": "sim_card_alert"},
      "surround_sound" :                                 {"value": "surround_sound"},
      "settings_power" :                                 {"value": "settings_power"},
      "settings_phone" :                                 {"value": "settings_phone"},
      "settings_voice" :                                 {"value": "settings_voice"},
      "switch_camera" :                                  {"value": "switch_camera"},
      "speaker_notes" :                                  {"value": "speaker_notes"},
      "speaker_group" :                                  {"value": "speaker_group"},
      "sort_by_alpha" :                                  {"value": "sort_by_alpha"},
      "smoking_rooms" :                                  {"value": "smoking_rooms"},
      "system_update" :                                  {"value": "system_update"},
      "shopping_cart" :                                  {"value": "shopping_cart"},
      "skip_previous" :                                  {"value": "skip_previous"},
      "subscriptions" :                                  {"value": "subscriptions"},
      "settings_cell" :                                  {"value": "settings_cell"},
      "sync_disabled" :                                  {"value": "sync_disabled"},
      "speaker_phone" :                                  {"value": "speaker_phone"},
      "switch_video" :                                   {"value": "switch_video"},
      "sync_problem" :                                   {"value": "sync_problem"},
      "star_outline" :                                   {"value": "star_outline"},
      "screen_share" :                                   {"value": "screen_share"},
      "star_border" :                                    {"value": "star_border"},
      "spellcheck" :                                     {"value": "spellcheck"},
      "sms_failed" :                                     {"value": "sms_failed"},
      "swap_horiz" :                                     {"value": "swap_horiz"},
      "smoke_free" :                                     {"value": "smoke_free"},
      "smartphone" :                                     {"value": "smartphone"},
      "select_all" :                                     {"value": "select_all"},
      "sd_storage" :                                     {"value": "sd_storage"},
      "swap_calls" :                                     {"value": "swap_calls"},
      "streetview" :                                     {"value": "streetview"},
      "straighten" :                                     {"value": "straighten"},
      "show_chart" :                                     {"value": "show_chart"},
      "short_text" :                                     {"value": "short_text"},
      "subtitles" :                                      {"value": "subtitles"},
      "slideshow" :                                      {"value": "slideshow"},
      "swap_vert" :                                      {"value": "swap_vert"},
      "skip_next" :                                      {"value": "skip_next"},
      "space_bar" :                                      {"value": "space_bar"},
      "satellite" :                                      {"value": "satellite"},
      "security" :                                       {"value": "security"},
      "sim_card" :                                       {"value": "sim_card"},
      "shop_two" :                                       {"value": "shop_two"},
      "schedule" :                                       {"value": "schedule"},
      "settings" :                                       {"value": "settings"},
      "subject" :                                        {"value": "subject"},
      "shuffle" :                                        {"value": "shuffle"},
      "sd_card" :                                        {"value": "sd_card"},
      "speaker" :                                        {"value": "speaker"},
      "scanner" :                                        {"value": "scanner"},
      "storage" :                                        {"value": "storage"},
      "school" :                                         {"value": "school"},
      "snooze" :                                         {"value": "snooze"},
      "subway" :                                         {"value": "subway"},
      "stars" :                                          {"value": "stars"},
      "share" :                                          {"value": "share"},
      "style" :                                          {"value": "style"},
      "store" :                                          {"value": "store"},
      "sort_alt2" :                                      {"value": "sort_alt2"},
      "shop" :                                           {"value": "shop"},
      "send" :                                           {"value": "send"},
      "sync" :                                           {"value": "sync"},
      "save" :                                           {"value": "save"},
      "stop" :                                           {"value": "stop"},
      "sms" :                                            {"value": "sms"},
      "spa" :                                            {"value": "spa"},
      "transfer_within_a_station" :                      {"value": "transfer_within_a_station"},
      "trending_neutral" :                               {"value": "trending_neutral"},
      "thumbs_up_down" :                                 {"value": "thumbs_up_down"},
      "tablet_android" :                                 {"value": "tablet_android"},
      "tab_unselected" :                                 {"value": "tab_unselected"},
      "track_changes" :                                  {"value": "track_changes"},
      "time_to_leave" :                                  {"value": "time_to_leave"},
      "turned_in_not" :                                  {"value": "turned_in_not"},
      "trending_down" :                                  {"value": "trending_down"},
      "trending_flat" :                                  {"value": "trending_flat"},
      "tap_and_play" :                                   {"value": "tap_and_play"},
      "trending_up" :                                    {"value": "trending_up"},
      "text_format" :                                    {"value": "text_format"},
      "text_fields" :                                    {"value": "text_fields"},
      "thumb_down" :                                     {"value": "thumb_down"},
      "tablet_mac" :                                     {"value": "tablet_mac"},
      "touch_app" :                                      {"value": "touch_app"},
      "timer_off" :                                      {"value": "timer_off"},
      "timelapse" :                                      {"value": "timelapse"},
      "tag_faces" :                                      {"value": "tag_faces"},
      "transform" :                                      {"value": "transform"},
      "turned_in" :                                      {"value": "turned_in"},
      "translate" :                                      {"value": "translate"},
      "thumb_up" :                                       {"value": "thumb_up"},
      "tonality" :                                       {"value": "tonality"},
      "theaters" :                                       {"value": "theaters"},
      "timer_onezero" :                                  {"value": "timer_onezero"},
      "timeline" :                                       {"value": "timeline"},
      "texture" :                                        {"value": "texture"},
      "textsms" :                                        {"value": "textsms"},
      "traffic" :                                        {"value": "traffic"},
      "timer_three" :                                    {"value": "timer_three"},
      "terrain" :                                        {"value": "terrain"},
      "tablet" :                                         {"value": "tablet"},
      "title" :                                          {"value": "title"},
      "timer" :                                          {"value": "timer"},
      "train" :                                          {"value": "train"},
      "today" :                                          {"value": "today"},
      "toys" :                                           {"value": "toys"},
      "tram" :                                           {"value": "tram"},
      "tune" :                                           {"value": "tune"},
      "toll" :                                           {"value": "toll"},
      "toc" :                                            {"value": "toc"},
      "tab" :                                            {"value": "tab"},
      "tv" :                                             {"value": "tv"},
      "unfold_more" :                                    {"value": "unfold_more"},
      "unfold_less" :                                    {"value": "unfold_less"},
      "unarchive" :                                      {"value": "unarchive"},
      "update" :                                         {"value": "update"},
      "undo" :                                           {"value": "undo"},
      "usb" :                                            {"value": "usb"},
      "vertical_align_center" :                          {"value": "vertical_align_center"},
      "vertical_align_bottom" :                          {"value": "vertical_align_bottom"},
      "vertical_align_top" :                             {"value": "vertical_align_top"},
      "video_collection" :                               {"value": "video_collection"},
      "view_comfortable" :                               {"value": "view_comfortable"},
      "videogame_asset" :                                {"value": "videogame_asset"},
      "visibility_off" :                                 {"value": "visibility_off"},
      "view_headline" :                                  {"value": "view_headline"},
      "video_library" :                                  {"value": "video_library"},
      "view_carousel" :                                  {"value": "view_carousel"},
      "verified_user" :                                  {"value": "verified_user"},
      "view_compact" :                                   {"value": "view_compact"},
      "videocam_off" :                                   {"value": "videocam_off"},
      "view_stream" :                                    {"value": "view_stream"},
      "view_column" :                                    {"value": "view_column"},
      "video_label" :                                    {"value": "video_label"},
      "view_module" :                                    {"value": "view_module"},
      "view_agenda" :                                    {"value": "view_agenda"},
      "volume_down" :                                    {"value": "volume_down"},
      "volume_mute" :                                    {"value": "volume_mute"},
      "visibility" :                                     {"value": "visibility"},
      "view_array" :                                     {"value": "view_array"},
      "video_call" :                                     {"value": "video_call"},
      "voice_chat" :                                     {"value": "voice_chat"},
      "view_comfy" :                                     {"value": "view_comfy"},
      "view_quilt" :                                     {"value": "view_quilt"},
      "volume_off" :                                     {"value": "volume_off"},
      "vibration" :                                      {"value": "vibration"},
      "view_week" :                                      {"value": "view_week"},
      "view_list" :                                      {"value": "view_list"},
      "voicemail" :                                      {"value": "voicemail"},
      "volume_up" :                                      {"value": "volume_up"},
      "vignette" :                                       {"value": "vignette"},
      "view_day" :                                       {"value": "view_day"},
      "videocam" :                                       {"value": "videocam"},
      "vpn_lock" :                                       {"value": "vpn_lock"},
      "vpn_key" :                                        {"value": "vpn_key"},
      "wallet_membership" :                              {"value": "wallet_membership"},
      "wb_incandescent" :                                {"value": "wb_incandescent"},
      "wallet_giftcard" :                                {"value": "wallet_giftcard"},
      "wifi_tethering" :                                 {"value": "wifi_tethering"},
      "wb_iridescent" :                                  {"value": "wb_iridescent"},
      "wallet_travel" :                                  {"value": "wallet_travel"},
      "watch_later" :                                    {"value": "watch_later"},
      "web_asset" :                                      {"value": "web_asset"},
      "wallpaper" :                                      {"value": "wallpaper"},
      "wrap_text" :                                      {"value": "wrap_text"},
      "wifi_lock" :                                      {"value": "wifi_lock"},
      "wb_cloudy" :                                      {"value": "wb_cloudy"},
      "whatshot" :                                       {"value": "whatshot"},
      "wb_sunny" :                                       {"value": "wb_sunny"},
      "widgets" :                                        {"value": "widgets"},
      "wb_auto" :                                        {"value": "wb_auto"},
      "weekend" :                                        {"value": "weekend"},
      "warning" :                                        {"value": "warning"},
      "watch" :                                          {"value": "watch"},
      "work" :                                           {"value": "work"},
      "wifi" :                                           {"value": "wifi"},
      "web" :                                            {"value": "web"},
      "wc" :                                             {"value": "wc"},
      "youtube_searched_for" :                           {"value": "youtube_searched_for"},
      "zoom_out_map" :                                   {"value": "zoom_out_map"},
      "zoom_out" :                                       {"value": "zoom_out"},
      "zoom_in" :                                        {"value": "zoom_in"}
    }
  }
}
